InvoiceNo,StockCode,Description,Quantity,InvoiceDate,UnitPrice,CustomerID,Country
536365,85123A,WHITE HANGING HEART T-LIGHT HOLDER,6,2023-11-01 08:26:00,2.55,17850.0,United Kingdom
536365,71053,WHITE METAL LANTERN,6,2023-11-01 08:26:00,3.39,17850.0,United Kingdom
536365,84406B,CREAM CUPID HEARTS COAT HANGER,8,2023-11-01 08:26:00,2.75,17850.0,United Kingdom
536365,84029G,KNITTED UNION FLAG HOT WATER BOTTLE,6,2023-11-01 08:26:00,3.39,17850.0,United Kingdom
536366,22633,HAND WARMER UNION JACK,6,2023-11-01 08:28:00,1.85,17850.0,United Kingdom
536366,22632,HAND WARMER RED POLKA DOT,6,2023-11-01 08:28:00,1.85,17850.0,United Kingdom
536367,84879,ASSORTED COLOUR BIRD ORNAMENT,32,2023-11-01 08:34:00,1.69,13047.0,United Kingdom
536367,22745,POPPY'S PLAYHOUSE BEDROOM,6,2023-11-01 08:34:00,2.10,13047.0,United Kingdom
536368,22960,JAM MAKING SET WITH JARS,6,2023-11-01 08:34:00,4.25,13047.0,United Kingdom
536370,22728,ALARM CLOCK BAKELIKE PINK,24,2023-11-01 08:45:00,3.75,12583.0,France
536370,22727,ALARM CLOCK BAKELIKE RED,24,2023-11-01 08:45:00,3.75,12583.0,France
536370,21724,PANDA AND BUNNIES STICKER SHEET,12,2023-11-01 08:45:00,0.85,12583.0,France
536373,85123A,WHITE HANGING HEART T-LIGHT HOLDER,6,2023-11-01 09:02:00,2.55,17850.0,United Kingdom
536374,21232,STRAWBERRY CERAMIC TRINKET BOX,24,2023-11-01 09:09:00,1.25,15100.0,United Kingdom
536375,85123A,WHITE HANGING HEART T-LIGHT HOLDER,6,2023-11-01 09:32:00,2.55,17850.0,United Kingdom
536381,21523,DOORMAT FANCY FONT,10,2023-11-01 09:41:00,6.75,15311.0,United Kingdom
536389,22941,CHRISTMAS LIGHTS 10 REINDEER,6,2023-11-01 10:03:00,8.50,12431.0,Australia
536389,21622,VINTAGE UNION JACK CUSHION COVER,8,2023-11-01 10:03:00,4.95,12431.0,Australia
536390,22197,POPCORN HOLDER,100,2023-11-01 10:19:00,0.72,17511.0,United Kingdom
536392,22827,RUSTIC WOODEN CABINET,1,2023-11-01 10:29:00,125.00,13705.0,United Kingdom
C536391,22556,PLASTERS IN TIN CIRCUS PARADE,-12,2023-11-01 10:24:00,1.65,17548.0,United Kingdom
C536391,21984,PACK OF 12 PINK PAISLEY TISSUES,-24,2023-11-01 10:24:00,0.29,17548.0,United Kingdom
536403,22867,HAND WARMER BIRD NEST,96,2023-11-01 11:27:00,1.85,12791.0,Netherlands
536408,22469,HEART OF WICKER SMALL,20,2023-11-01 11:41:00,1.45,,United Kingdom
536408,22470,HEART OF WICKER LARGE,12,2023-11-01 11:41:00,2.55,,United Kingdom
536412,22327,ROUND SNACK BOXES SET OF 4 FRUITS,2,2023-11-01 11:49:00,2.95,17920.0,United Kingdom
536414,22139,RETROSPOT TEA SET CERAMIC 11 PC,1,2023-11-01 11:52:00,0.00,,United Kingdom
536520,22744,OXIDIZED GLASS T-LIGHT HOLDER,3,2023-11-01 12:43:00,1.95,14729.0,United Kingdom
536528,22839,3 TIER CAKE TIN GREEN AND CREAM,1,2023-11-01 13:17:00,14.95,15525.0,United Kingdom
536532,84692,BOX OF 24 COCKTAIL PARASOLS,25,2023-11-01 13:24:00,0.42,12433.0,Norway
536544,21770,OPEN CLOSED METAL SIGN,1,2023-11-01 14:32:00,4.95,,United Kingdom
536544,21774,DECORATIVE CATS PLATE,2,2023-11-01 14:32:00,5.95,,United Kingdom
536551,22961,JAM MAKING SET PRINTED,6,2023-11-01 14:34:00,1.45,17346.0,United Kingdom
536558,22720,SET OF 3 CAKE TINS PANTRY DESIGN,3,2023-11-01 14:55:00,4.95,17337.0,United Kingdom
536569,21809,CHRISTMAS HANGING TREE WITH BELL,10,2023-11-01 15:35:00,1.25,16274.0,United Kingdom
536592,22502,PICNIC BASKET WICKER SMALL,4,2023-11-01 17:06:00,5.95,,United Kingdom
536600,22960,JAM MAKING SET WITH JARS,12,2023-11-02 08:32:00,3.75,17850.0,United Kingdom
536602,85123A,WHITE HANGING HEART T-LIGHT HOLDER,12,2023-11-02 08:34:00,2.55,17850.0,United Kingdom
536612,84029E,RED WOOLLY HOTTIE WHITE HEART.,6,2023-11-02 09:44:00,3.39,15093.0,United Kingdom
536618,22728,ALARM CLOCK BAKELIKE PINK,12,2023-11-02 10:17:00,3.75,17017.0,United Kingdom
536628,22838,3 TIER MINI CAKE STAND,2,2023-11-02 10:56:00,6.35,17850.0,United Kingdom
536634,22865,HAND WARMER OWL DESIGN,12,2023-11-02 11:21:00,1.85,18041.0,United Kingdom
536637,21915,RED  HARMONICA IN BOX,12,2023-11-02 11:34:00,1.25,18041.0,United Kingdom
536640,22726,ALARM CLOCK BAKELIKE GREEN,8,2023-11-02 11:47:00,3.75,16456.0,United Kingdom
536736,22727,ALARM CLOCK BAKELIKE RED,4,2023-11-02 13:00:00,3.75,17364.0,United Kingdom
536743,22384,LUNCH BAG PINK POLKADOT,10,2023-11-02 13:49:00,1.65,13827.0,United Kingdom
536754,22382,LUNCH BAG SPACEBOY DESIGN,10,2023-11-02 14:09:00,1.65,14449.0,United Kingdom
536787,22728,ALARM CLOCK BAKELIKE PINK,4,2023-11-03 15:24:00,3.75,17935.0,Germany
536787,22726,ALARM CLOCK BAKELIKE GREEN,4,2023-11-03 15:24:00,3.75,17935.0,Germany
536790,21731,RED TOADSTOOL LED NIGHT LIGHT,24,2023-11-03 15:33:00,1.45,17850.0,United Kingdom
536840,22960,JAM MAKING SET WITH JARS,6,2023-11-03 18:27:00,3.75,12738.0,Germany
536852,22961,JAM MAKING SET PRINTED,12,2023-11-04 12:05:00,1.45,12686.0,France
536852,22727,ALARM CLOCK BAKELIKE RED,8,2023-11-04 12:05:00,3.75,12686.0,France
536858,22326,ROUND SNACK BOXES SET OF4 WOODLAND,30,2023-11-04 12:15:00,2.55,13520.0,Switzerland
536865,22960,JAM MAKING SET WITH JARS,6,2023-11-05 11:28:00,4.25,,United Kingdom
536865,21733,RED HANGING HEART T-LIGHT HOLDER,4,2023-11-05 11:28:00,2.55,,United Kingdom
536876,21523,DOORMAT FANCY FONT,2,2023-11-05 11:36:00,6.75,,United Kingdom
536967,22197,POPCORN HOLDER,20,2023-12-01 12:57:00,0.72,17511.0,United Kingdom
536974,22728,ALARM CLOCK BAKELIKE PINK,12,2023-12-01 13:59:00,3.75,12682.0,France
536982,22423,REGENCY CAKESTAND 3 TIER,16,2023-12-01 14:27:00,10.95,16180.0,United Kingdom
536983,85123A,WHITE HANGING HEART T-LIGHT HOLDER,32,2023-12-01 14:30:00,2.55,12748.0,United Kingdom
536985,22838,3 TIER MINI CAKE STAND,4,2023-12-02 14:41:00,6.35,13263.0,United Kingdom
537015,22726,ALARM CLOCK BAKELIKE GREEN,12,2023-12-02 15:10:00,3.75,15291.0,United Kingdom
537022,22727,ALARM CLOCK BAKELIKE RED,24,2023-12-03 15:45:00,3.75,12431.0,Australia
537026,22960,JAM MAKING SET WITH JARS,12,2023-12-03 16:35:00,3.75,12395.0,Belgium
537040,21731,RED TOADSTOOL LED NIGHT LIGHT,12,2023-12-04 10:49:00,1.65,17389.0,United Kingdom
537044,22839,3 TIER CAKE TIN GREEN AND CREAM,2,2023-12-04 11:05:00,14.95,14298.0,United Kingdom
537065,22728,ALARM CLOCK BAKELIKE PINK,24,2023-12-05 14:17:00,3.75,12567.0,France
537077,22727,ALARM CLOCK BAKELIKE RED,12,2023-12-05 15:23:00,3.75,17017.0,United Kingdom
537126,22960,JAM MAKING SET WITH JARS,6,2023-12-05 16:13:00,4.25,18118.0,United Kingdom
